StudentId_FK,ExamId_FK,ExamTotalResult
29,1000,82
27,1001,80
37,1002,57
9,1003,59
29,1004,92
16,1005,89
32,1006,99
33,1007,72
22,1008,93
36,1009,90
1,1010,85
9,1011,75
12,1012,65
7,1013,58
25,1014,62
